{
   "empirical": {
      "gbytes": {
         "data": [
            [
               "L1", 
               2085.58
            ], 
            [
               "L2", 
               1138.89
            ], 
            [
               "DRAM", 
               145.41
            ]
         ], 
         "metadata": {
            "TIMESTAMP_DATA": [
               1447102331.57, 
               1447102334.69, 
               1447102337.84
            ], 
            "FLOPS": 1, 
            "TIMESTAMP_DB": 1447108665.924585
         }
      }, 
      "gflops": {
         "data": [
            [
               "GFLOPs", 
               974.28
            ]
         ], 
         "metadata": {
            "TIMESTAMP_DATA": [
               1447103700.14, 
               1447103717.88, 
               1447103682.68
            ], 
            "FLOPS": 512, 
            "TIMESTAMP_DB": 1447108665.924202
         }
      }, 
      "metadata": {
         "ERT_VERSION": "1.1.0", 
         "HOSTNAME": "babbage", 
         "OPENMP_THREADS": 240, 
         "UNAME": [
            "Linux", 
            "bc0913", 
            "2.6.32-431.46.2.el6.nersc.x86_64", 
            "#1 SMP Thu Jan 22 09:48:18 PST 2015", 
            "x86_64", 
            "x86_64"
         ], 
         "CONFIG": {
            "ERT_WORKING_SET_MIN": [
               "1"
            ], 
            "ERT_CFLAGS": [
               "-O3", 
               "-mmic", 
               "-fno-alias", 
               "-fno-fnalias", 
               "-DERT_INTEL"
            ], 
            "ERT_CC": [
               "mpiicc"
            ], 
            "ERT_MPI_CFLAGS": [], 
            "ERT_MPI_LDFLAGS": [], 
            "ERT_MEMORY_MAX": [
               "1073741824"
            ], 
            "ERT_PROCS_THREADS": [
               "60,120,240"
            ], 
            "ERT_LDFLAGS": [
               "-mmic"
            ], 
            "ERT_LDLIBS": [], 
            "ERT_RUN": [
               "export", 
               "OMP_NUM_THREADS=ERT_OPENMP_THREADS;", 
               "get_micfile;", 
               "mpirun.mic", 
               "-n", 
               "ERT_MPI_PROCS", 
               "-ppn", 
               "1", 
               "-hostfile", 
               "micfile.$SLURM_JOB_ID", 
               "ERT_CODE"
            ], 
            "ERT_FLOPS": [
               "1,2,4,8,16,32,64,128,256,512"
            ], 
            "ERT_OPENMP_CFLAGS": [
               "-openmp"
            ], 
            "ERT_MPI": [
               "True"
            ], 
            "ERT_TRIALS_MIN": [
               "1"
            ], 
            "ERT_DRIVER": [
               "driver1"
            ], 
            "ERT_RESULTS": [
               "Results.babbage.nersc.gov.02"
            ], 
            "ERT_OPENMP": [
               "True"
            ], 
            "ERT_MPI_PROCS": [
               "1"
            ], 
            "ERT_KERNEL": [
               "kernel1"
            ], 
            "ERT_GPU": [
               false
            ], 
            "ERT_OPENMP_THREADS": [
               "60,120,240"
            ], 
            "ERT_LD": [
               "mpiicc"
            ], 
            "ERT_NUM_EXPERIMENTS": [
               "3"
            ], 
            "ERT_OPENMP_LDFLAGS": [
               "-openmp"
            ], 
            "ERT_ALIGN": [
               "64"
            ], 
            "ERT_GNUPLOT": [
               "gnuplot"
            ]
         }, 
         "MPI_PROCS": 1
      }
   }, 
   "spec": {
      "gbytes": {
         "data": []
      }, 
      "gflops": {
         "data": []
      }
   }
}