{
   "empirical": {
      "metadata": {},
      "gflops": {
         "data": [
            [
               "FP64 GFLOPs",
               286.47
            ]
         ],
         "metadata": {
            "": [
               "META_DATA",
               "FLOPS          4",
               "OPENMP_THREADS 7",
               "ERT_VERSION  1.1.0",
               "HOSTNAME  ('localhost.localdomain', ['localhost'], ['127.0.0.1'])",
               "UNAME  uname_result(system='Linux', node='cirrus9.computing.clemson.edu', release='5.11.0-27-generic', version='#29~20.04.1-Ubuntu SMP Wed Aug 11 15:58:17 UTC 2021', machine='x86_64', processor='x86_64')",
               "TIMESTAMP_DATA  1631889980.5886974",
               "CONFIG  {'ERT_RESULTS': ['Results.cs.clemson.edu'], 'ERT_DRIVER': ['driver1'], 'ERT_KERNEL': ['kernel1'], 'ERT_MPI': ['False'], 'ERT_MPI_CFLAGS': [], 'ERT_MPI_LDFLAGS': [], 'ERT_OPENMP': ['True'], 'ERT_OPENMP_CFLAGS': ['-fopenmp'], 'ERT_OPENMP_LDFLAGS': ['-fopenmp'], 'ERT_FLOPS': ['1,2,4'], 'ERT_ALIGN': ['32'], 'ERT_CC': ['g++'], 'ERT_CFLAGS': ['-O3', '-std=c++11', '-fstrict-aliasing', '-march=native'], 'ERT_LD': ['g++'], 'ERT_LDFLAGS': [], 'ERT_LDLIBS': [], 'ERT_PRECISION': ['FP64'], 'ERT_RUN': ['export', 'OMP_NUM_THREADS=ERT_OPENMP_THREADS;', 'export', 'OMP_PLACES=threads;', 'export', 'OMP_PROC_BIND=spread;', './ERT_CODE'], 'ERT_PROCS_THREADS': ['8'], 'ERT_MPI_PROCS': ['2,4,8'], 'ERT_OPENMP_THREADS': ['1-8'], 'ERT_NUM_EXPERIMENTS': ['5'], 'ERT_MEMORY_MAX': ['31000000'], 'ERT_WORKING_SET_MIN': ['1'], 'ERT_TRIALS_MIN': ['1'], 'ERT_GNUPLOT': ['gnuplot'], 'ERT_GPU': [False], 'ERT_HIP': [False], 'ERT_OCL': [False], 'ERT_SYCL': [False], 'ERT_WSS_MULT': [1.1]}",
               "TIMESTAMP_DATA  1631889980.7194347",
               "TIMESTAMP_DATA  1631889980.845418",
               "TIMESTAMP_DATA  1631889980.9719281",
               "TIMESTAMP_DATA  1631889981.1050308"
            ],
            "TIMESTAMP_DB": 1631889987.067371
         }
      },
      "gbytes": {
         "data": [
            [
               "L1",
               1809.93
            ],
            [
               "L2",
               1139.45
            ],
            [
               "L3",
               811.15
            ],
            [
               "DRAM",
               681.39
            ]
         ],
         "metadata": {
            "": [
               "FLOPS          2",
               "OPENMP_THREADS 8",
               "ERT_VERSION  1.1.0",
               "HOSTNAME  ('localhost.localdomain', ['localhost'], ['127.0.0.1'])",
               "UNAME  uname_result(system='Linux', node='cirrus9.computing.clemson.edu', release='5.11.0-27-generic', version='#29~20.04.1-Ubuntu SMP Wed Aug 11 15:58:17 UTC 2021', machine='x86_64', processor='x86_64')",
               "TIMESTAMP_DATA  1631889967.2426825",
               "CONFIG  {'ERT_RESULTS': ['Results.cs.clemson.edu'], 'ERT_DRIVER': ['driver1'], 'ERT_KERNEL': ['kernel1'], 'ERT_MPI': ['False'], 'ERT_MPI_CFLAGS': [], 'ERT_MPI_LDFLAGS': [], 'ERT_OPENMP': ['True'], 'ERT_OPENMP_CFLAGS': ['-fopenmp'], 'ERT_OPENMP_LDFLAGS': ['-fopenmp'], 'ERT_FLOPS': ['1,2,4'], 'ERT_ALIGN': ['32'], 'ERT_CC': ['g++'], 'ERT_CFLAGS': ['-O3', '-std=c++11', '-fstrict-aliasing', '-march=native'], 'ERT_LD': ['g++'], 'ERT_LDFLAGS': [], 'ERT_LDLIBS': [], 'ERT_PRECISION': ['FP64'], 'ERT_RUN': ['export', 'OMP_NUM_THREADS=ERT_OPENMP_THREADS;', 'export', 'OMP_PLACES=threads;', 'export', 'OMP_PROC_BIND=spread;', './ERT_CODE'], 'ERT_PROCS_THREADS': ['8'], 'ERT_MPI_PROCS': ['2,4,8'], 'ERT_OPENMP_THREADS': ['1-8'], 'ERT_NUM_EXPERIMENTS': ['5'], 'ERT_MEMORY_MAX': ['31000000'], 'ERT_WORKING_SET_MIN': ['1'], 'ERT_TRIALS_MIN': ['1'], 'ERT_GNUPLOT': ['gnuplot'], 'ERT_GPU': [False], 'ERT_HIP': [False], 'ERT_OCL': [False], 'ERT_SYCL': [False], 'ERT_WSS_MULT': [1.1]}",
               "TIMESTAMP_DATA  1631889967.3384275",
               "TIMESTAMP_DATA  1631889967.4269202",
               "TIMESTAMP_DATA  1631889967.5139732",
               "TIMESTAMP_DATA  1631889967.5876863"
            ],
            "TIMESTAMP_DB": 1631889987.067602
         }
      }
   },
   "spec": {
      "gflops": {
         "data": []
      },
      "gbytes": {
         "data": []
      }
   }
}