{
   "empirical": {
      "gbytes": {
         "data": [
            [
               "L1", 
               1491.61
            ], 
            [
               "L2", 
               827.18
            ], 
            [
               "L3", 
               546.77
            ], 
            [
               "DRAM", 
               79.09
            ]
         ], 
         "metadata": {
            "TIMESTAMP_DB": 1447103308.2903, 
            "OPENMP_THREADS": 1, 
            "TIMESTAMP_DATA": [
               1447102288.16, 
               1447102290.5, 
               1447102285.88
            ], 
            "META_DATAMPI_PROCS": 16, 
            "FLOPS": 1, 
            "MPI_PROCS": 16
         }
      }, 
      "gflops": {
         "data": [
            [
               "GFLOPs", 
               299.57
            ]
         ], 
         "metadata": {
            "TIMESTAMP_DATA": [
               1447102355.49, 
               1447102357.69, 
               1447102353.31
            ], 
            "OPENMP_THREADS": 2, 
            "FLOPS": 4, 
            "TIMESTAMP_DB": 1447103308.289689, 
            "MPI_PROCS": 8
         }
      }, 
      "metadata": {
         "ERT_VERSION": "1.1.0", 
         "HOSTNAME": "babbage", 
         "CONFIG": {
            "ERT_WORKING_SET_MIN": [
               "1"
            ], 
            "ERT_CFLAGS": [
               "-O3", 
               "-fno-alias", 
               "-fno-fnalias", 
               "-axAVX", 
               "-xAVX", 
               "-DERT_INTEL"
            ], 
            "ERT_CC": [
               "mpiicc"
            ], 
            "ERT_MPI_CFLAGS": [], 
            "ERT_MPI_LDFLAGS": [], 
            "ERT_MEMORY_MAX": [
               "1073741824"
            ], 
            "ERT_PROCS_THREADS": [
               "16"
            ], 
            "ERT_LDFLAGS": [], 
            "ERT_LDLIBS": [], 
            "ERT_RUN": [
               "export", 
               "OMP_NUM_THREADS=ERT_OPENMP_THREADS;", 
               "get_hostfile;", 
               "mpirun.host", 
               "-n", 
               "ERT_MPI_PROCS", 
               "-hostfile", 
               "hostfile.$SLURM_JOB_ID", 
               "ERT_CODE"
            ], 
            "ERT_FLOPS": [
               "1,2,4,8,16,32"
            ], 
            "ERT_OPENMP_CFLAGS": [
               "-openmp"
            ], 
            "ERT_MPI": [
               "True"
            ], 
            "ERT_TRIALS_MIN": [
               "1"
            ], 
            "ERT_DRIVER": [
               "driver1"
            ], 
            "ERT_RESULTS": [
               "Results.babbage.nersc.gov.01"
            ], 
            "ERT_OPENMP": [
               "True"
            ], 
            "ERT_MPI_PROCS": [
               "1,2,4,8,16"
            ], 
            "ERT_KERNEL": [
               "kernel1"
            ], 
            "ERT_GPU": [
               false
            ], 
            "ERT_OPENMP_THREADS": [
               "1,2,4,8,16"
            ], 
            "ERT_LD": [
               "mpiicc"
            ], 
            "ERT_NUM_EXPERIMENTS": [
               "3"
            ], 
            "ERT_OPENMP_LDFLAGS": [
               "-openmp"
            ], 
            "ERT_ALIGN": [
               "64"
            ], 
            "ERT_GNUPLOT": [
               "gnuplot"
            ]
         }, 
         "UNAME": [
            "Linux", 
            "bc0911", 
            "2.6.32-431.46.2.el6.nersc.x86_64", 
            "#1 SMP Thu Jan 22 09:48:18 PST 2015", 
            "x86_64", 
            "x86_64"
         ]
      }
   }, 
   "spec": {
      "gbytes": {
         "data": []
      }, 
      "gflops": {
         "data": []
      }
   }
}